{
  "version": 1,
  "author": "Guilherme Christ",
  "editor": "wokwi",
  "parts": [
    { "type": "wokwi-esp32-devkit-v1", "id": "esp", "top": -33.7, "left": 4.6, "attrs": {} },
    {
      "type": "wokwi-dht22",
      "id": "dht1",
      "top": -28.5,
      "left": -120.6,
      "attrs": { "temperature": "2.5", "humidity": "25" }
    },
    { "type": "wokwi-led", "id": "led1", "top": 6, "left": 157.4, "attrs": { "color": "red" } },
    {
      "type": "board-ssd1306",
      "id": "oled1",
      "top": 195.14,
      "left": -114.97,
      "attrs": { "i2cAddress": "0x3c" }
    }
  ],
  "connections": [
    [ "esp:TX0", "$serialMonitor:RX", "", [] ],
    [ "esp:RX0", "$serialMonitor:TX", "", [] ],
    [ "dht1:VCC", "esp:VIN", "red", [ "v0" ] ],
    [ "dht1:SDA", "esp:D13", "green", [ "v0" ] ],
    [ "dht1:GND", "esp:GND.2", "black", [ "v0" ] ],
    [ "oled1:GND", "esp:GND.2", "black", [ "v-86.4", "h38.4" ] ],
    [ "oled1:VCC", "esp:VIN", "red", [ "v-76.8", "h9.75" ] ],
    [ "led1:A", "esp:D2", "red", [ "v0" ] ],
    [ "led1:C", "esp:GND.1", "black", [ "v0" ] ],
    [ "oled1:SCL", "esp:D4", "purple", [ "v-28.8", "h192.3", "v-86.5" ] ],
    [ "oled1:SDA", "esp:D5", "blue", [ "v-19.2", "h192.07", "v-124.8" ] ]
  ],
  "dependencies": {}
}